{"Cidade": "Cidade", "Data": "Data", "Hora": "Hora UTC", "Precipita\u00e7\u00e3o": "PRECIPITA\u00c7\u00c3O TOTAL | HOR\u00c1RIO (mm)", "Press\u00e3o Atmosf\u00e9rica ao n\u00edvel da esta\u00e7\u00e3o": "PRESSAO ATMOSFERICA AO NIVEL DA ESTACAO | HORARIA (mB)", "Press\u00e3o Atmosf\u00e9rica m\u00e1xima": "PRESS\u00c3O ATMOSFERICA MAX.NA HORA ANT. (AUT) (mB)", "Press\u00e3o Atmosf\u00e9rica m\u00ednima": "PRESS\u00c3O ATMOSFERICA MIN. NA HORA ANT. (AUT) (mB)", "Radia\u00e7\u00e3o Global": "RADIACAO GLOBAL (W/m\u00b2)", "Temperatura do ar - bulbo seco": "TEMPERATURA DO AR - BULBO SECO | HORARIA (\u00b0C)", "Temperatura do ponto de orvalho": "TEMPERATURA DO PONTO DE ORVALHO (\u00b0C)", "Temperatura m\u00e1xima": "TEMPERATURA M\u00c1XIMA NA HORA ANT. (AUT) (\u00b0C)", "Temperatura m\u00ednima": "TEMPERATURA M\u00cdNIMA NA HORA ANT. (AUT) (\u00b0C)", "Temperatura orvalho m\u00e1xima": "TEMPERATURA ORVALHO MAX. NA HORA ANT. (AUT) (\u00b0C)", "Temperatura orvalho m\u00ednima": "TEMPERATURA ORVALHO MIN. NA HORA ANT. (AUT) (\u00b0C)", "Umidade Relativa m\u00e1xima": "UMIDADE REL. MAX. NA HORA ANT. (AUT) (%)", "Umidade Relativa m\u00ednima": "UMIDADE REL. MIN. NA HORA ANT. (AUT) (%)", "Umidade Relativa do Ar": "UMIDADE RELATIVA DO AR | HORARIA (%)", "Dire\u00e7\u00e3o Hor\u00e1ria do Vento": "VENTO | DIRE\u00c7\u00c3O HORARIA (gr) (\u00b0 (gr))", "Rajada M\u00e1xima de Vento": "VENTO | RAJADA MAXIMA (m/s)", "Velocidade Hor\u00e1ria do Vento": "VENTO | VELOCIDADE HORARIA (m/s)\n"}